scf1/ctg1	o1	scf2/ctg2	o2	gap	link_variation_score	link_dispersity_score	number_of_links
AXCM01018947	+	KI427021	+	-41.3731040955	0.758219245037	0.5	6
AXCM01021192	-	KI427266	+	-165.925792694	0.655659855394	0.8	5
AXCM01016538	-	KI427190	-	-85.9168720245	0.987630123914	0.615384615385	13
KI427496	+	AXCM01023525	-	-262.194068909	0.133439749763	0.666666666667	6
AXCM01021126	-	AXCM01015067	-	20.6367149353	0.382770124119	0.785714285714	14
KI422475	+	AXCM01022357	-	-185.569589615	0.182577468795	0.833333333333	6
AXCM01019154	+	AXCM01021815	+	-186.156318665	0.164925362272	0.75	8
