scf1/ctg1	o1	scf2/ctg2	o2	gap	link_variation_score	link_dispersity_score	number_of_links
1097__len__70973	+	1060__len__93261	+	7263.29243302	0.394269594909	0.881720430108	93
28870__len__58275	-	10102__len__75534	-	-9705.15027714	0.571525204972	0.4	5
1147__len__70317	-	2732__len__85523	-	18766.0074022	0.439321643029	0.764705882353	17
2896__len__81783	+	1059__len__79130	+	-35644.3834152	0.00120152648275	0.416666666667	12
5625__len__88987	+	1470__len__66831	+	43.9484398365	0.48866149395	0.867021276596	188
3252__len__72698	-	1041__len__89034	-	28751.6946328	0.50439515811	0.755813953488	86
