scf1/ctg1	o1	scf2/ctg2	o2	gap	link_variation_score	link_dispersity_score	number_of_links
NW_004825933.1	-	NW_004840610.1	-	-1873.14350891	0.0683446748182	0.714285714286	7
