scf1/ctg1	o1	scf2/ctg2	o2	gap	link_variation_score	link_dispersity_score	number_of_links
NW_004833468.1	+	NW_004826626.1;NW_004842424.1	-;-	-1690.79024124	0.0567710075847	0.75	8
NW_004842424.1;NW_004826626.1	+;+	NW_004835781.1	-	-1714.87124634	0.0489424797094	0.714285714286	7
NW_004842424.1;NW_004826626.1	+;+	NW_004848126.1	+	-1660.93450618	0.0716594505435	0.666666666667	6
NW_004845073.1	-	NW_004831329.1;NW_004830692.1	+;+	-1311.3551178	0.161747262836	0.676470588235	34
