scf1/ctg1	o1	scf2/ctg2	o2	gap	link_variation_score	link_dispersity_score	number_of_links
NW_004827809.1	-	NW_004833610.1	+	-81.3223571777	0.597761193324	0.176470588235	17
NW_004830471.1	-	NW_004833610.1	+	-206.105964661	0.425421086911	0.6	5
NW_004833610.1	-	NW_004823238.1	-	-252.893051147	0.168257543004	0.65	20
NW_004833610.1	-	NW_004827805.1	-	-260.903694153	0.612559213915	0.25	28
NW_004833610.1	-	NW_004848283.1	-	-126.356964111	0.279280222343	0.4	5
NW_004833610.1	-	NW_004833515.1	+	-207.358139038	0.563336711394	0.333333333333	6
NW_004842609.1	-	NW_004841730.1	+	-186.516265869	0.264240975386	0.6	5
NW_004826102.1	-	NW_004838967.1	+	-109.25088501	0.444896724695	0.636363636364	11
