scf1/ctg1	o1	scf2/ctg2	o2	gap	link_variation_score	link_dispersity_score	number_of_links
NW_009054799.1	-	NW_009000415.1	-	153.956886292	0.179131226395	0.8	5
NW_008997961.1	-	NW_009002871.1	+	-227.719168901	0.776314197824	0.333333333333	6
NW_008999771.1	+	NW_009056642.1	-	153.957393646	0.333596552409	0.777777777778	9
NW_008998868.1	+	NW_008999311.1	+	-179.99256897	0.80537864567	0.384615384615	13
NW_009002170.1	+	NW_009001996.1	-	-181.841278076	0.123240685322	0.571428571429	7
