scf1/ctg1	o1	scf2/ctg2	o2	gap	link_variation_score	link_dispersity_score	number_of_links
KB672342	+	KB672286	+	8.70512216352	0.660164553969	0.773195876289	679
KB672339	+	KB672394	-	36.7380981445	0.753062126765	0.333333333333	6
KB672384	+	KB672415	-	-71.0244030952	0.662081119183	0.666666666667	3
KB672436	-	KB672415	+	-23.6267340183	0.588700129819	0.333333333333	3
KB672449	-	KB672380	-	13.3327770233	0.255444155105	0.5	6
KB672449	-	KB672394	-	16.8250465393	0.968699624895	0.48	25
KB672298	-	KB672320	-	-89.9905757308	0.148456749908	0.6	5
