scf1/ctg1	o1	scf2/ctg2	o2	gap	link_variation_score	link_dispersity_score	number_of_links
7678__len__81563	+	6582__len__80843	+	-68221.5171759	0.00105783845439	0.142857142857	7
